{"cameraMode":{"drawMode":0,"name":"Shaded","section":"Shading Mode"},"sceneLighting":true,"audioPlay":false,"sceneViewState":{"showFog":true,"showMaterialUpdate":true,"showSkybox":true,"showFlares":true,"showImageEffects":true,"showParticleSystems":true},"in2DMode":false,"pivot":{"x":-8.02054214477539,"y":13.520483016967774,"z":8.56777572631836},"rotation":{"x":0.11905206739902497,"y":-0.7052803635597229,"z":0.12202078104019165,"w":0.6881499886512756},"size":43.599342346191409,"orthographic":false}