{"cameraMode":{"drawMode":0,"name":"Shaded","section":"Shading Mode"},"sceneLighting":true,"audioPlay":false,"sceneViewState":{"showFog":true,"showMaterialUpdate":true,"showSkybox":true,"showFlares":true,"showImageEffects":true,"showParticleSystems":true},"in2DMode":false,"pivot":{"x":456.3355712890625,"y":-488.491943359375,"z":-267.83636474609377},"rotation":{"x":-0.4700066149234772,"y":0.008459220640361309,"z":-0.004549028351902962,"w":-0.8826361894607544},"size":1124.970458984375,"orthographic":false}