{"cameraMode":{"drawMode":0,"name":"Shaded","section":"Shading Mode"},"sceneLighting":true,"audioPlay":false,"sceneViewState":{"showFog":true,"showMaterialUpdate":true,"showSkybox":true,"showFlares":true,"showImageEffects":true,"showParticleSystems":true},"in2DMode":false,"pivot":{"x":1.3752803802490235,"y":0.5516800880432129,"z":-1.501938819885254},"rotation":{"x":-0.06282860040664673,"y":0.9318831562995911,"z":-0.19600433111190797,"w":-0.29871225357055666},"size":13.533052444458008,"orthographic":false}