{"cameraMode":{"drawMode":0,"name":"Shaded","section":"Shading Mode"},"sceneLighting":true,"audioPlay":false,"sceneViewState":{"showFog":true,"showMaterialUpdate":true,"showSkybox":true,"showFlares":true,"showImageEffects":true,"showParticleSystems":true},"in2DMode":false,"pivot":{"x":-27.502300262451173,"y":19.2607421875,"z":1.0562987327575684},"rotation":{"x":-0.19010603427886964,"y":-0.7340177297592163,"z":0.22851254045963288,"w":-0.6106302738189697},"size":1.9188458919525147,"orthographic":false}