{"cameraMode":{"drawMode":0,"name":"Shaded","section":"Shading Mode"},"sceneLighting":true,"audioPlay":false,"sceneViewState":{"showFog":true,"showMaterialUpdate":true,"showSkybox":true,"showFlares":true,"showImageEffects":true,"showParticleSystems":true},"in2DMode":false,"pivot":{"x":-3.8774375915527345,"y":1.0057106018066407,"z":17.905776977539064},"rotation":{"x":0.3301805853843689,"y":0.516896665096283,"z":-0.22546960413455964,"w":0.7569693326950073},"size":73.08177947998047,"orthographic":false}