{"cameraMode":{"drawMode":0,"name":"Shaded","section":"Shading Mode"},"sceneLighting":true,"audioPlay":false,"sceneViewState":{"showFog":true,"showMaterialUpdate":true,"showSkybox":true,"showFlares":true,"showImageEffects":true,"showParticleSystems":true},"in2DMode":false,"pivot":{"x":-0.23174111545085908,"y":0.4605940282344818,"z":12.090442657470704},"rotation":{"x":0.345281183719635,"y":-0.6172009706497192,"z":0.34550026059150698,"w":0.6168501377105713},"size":22.0,"orthographic":false}