{"cameraMode":{"drawMode":0,"name":"Shaded","section":"Shading Mode"},"sceneLighting":true,"audioPlay":false,"sceneViewState":{"showFog":true,"showMaterialUpdate":true,"showSkybox":true,"showFlares":true,"showImageEffects":true,"showParticleSystems":true},"in2DMode":false,"pivot":{"x":-123.81996154785156,"y":43.63091278076172,"z":20.876445770263673},"rotation":{"x":-0.33646145462989809,"y":-0.5776443481445313,"z":0.2824539542198181,"w":-0.6880295872688294},"size":141.6435089111328,"orthographic":false}