{"cameraMode":{"drawMode":0,"name":"Shaded","section":"Shading Mode"},"sceneLighting":true,"audioPlay":false,"sceneViewState":{"showFog":true,"showMaterialUpdate":true,"showSkybox":true,"showFlares":true,"showImageEffects":true,"showParticleSystems":true},"in2DMode":false,"pivot":{"x":10.707260131835938,"y":17.512176513671876,"z":-20.416370391845704},"rotation":{"x":0.27802833914756777,"y":0.6548798680305481,"z":-0.28353098034858706,"w":0.6431596279144287},"size":315.4329833984375,"orthographic":false}